[
    {
        "id": 54302,
        "g_id": "hw03",
        "user_id": "sor",
        "team_id": null,
        "accessor_id": "sor",
        "timestamp": "2023-02-08 20:48:08-0500"
    },
    {
        "id": 54303,
        "g_id": "hw03",
        "user_id": "sor",
        "team_id": null,
        "accessor_id": "sor",
        "timestamp": "2023-02-08 20:48:31-0500"
    },
    {
        "id": 54305,
        "g_id": "hw03",
        "user_id": "sor",
        "team_id": null,
        "accessor_id": "sor",
        "timestamp": "2023-02-08 20:49:06-0500"
    },
    {
        "id": 55368,
        "g_id": "hw03",
        "user_id": "sor",
        "team_id": null,
        "accessor_id": "sor",
        "timestamp": "2023-02-08 23:44:02-0500"
    },
    {
        "id": 55381,
        "g_id": "hw03",
        "user_id": "sor",
        "team_id": null,
        "accessor_id": "sor",
        "timestamp": "2023-02-08 23:45:13-0500"
    },
    {
        "id": 55401,
        "g_id": "hw03",
        "user_id": "sor",
        "team_id": null,
        "accessor_id": "sor",
        "timestamp": "2023-02-08 23:47:05-0500"
    },
    {
        "id": 55411,
        "g_id": "hw03",
        "user_id": "sor",
        "team_id": null,
        "accessor_id": "sor",
        "timestamp": "2023-02-08 23:47:59-0500"
    },
    {
        "id": 55430,
        "g_id": "hw03",
        "user_id": "sor",
        "team_id": null,
        "accessor_id": "sor",
        "timestamp": "2023-02-08 23:49:25-0500"
    },
    {
        "id": 55443,
        "g_id": "hw03",
        "user_id": "sor",
        "team_id": null,
        "accessor_id": "sor",
        "timestamp": "2023-02-08 23:50:35-0500"
    },
    {
        "id": 55465,
        "g_id": "hw03",
        "user_id": "sor",
        "team_id": null,
        "accessor_id": "sor",
        "timestamp": "2023-02-08 23:51:46-0500"
    },
    {
        "id": 55479,
        "g_id": "hw03",
        "user_id": "sor",
        "team_id": null,
        "accessor_id": "sor",
        "timestamp": "2023-02-08 23:52:56-0500"
    },
    {
        "id": 55491,
        "g_id": "hw03",
        "user_id": "sor",
        "team_id": null,
        "accessor_id": "sor",
        "timestamp": "2023-02-08 23:54:03-0500"
    },
    {
        "id": 55499,
        "g_id": "hw03",
        "user_id": "sor",
        "team_id": null,
        "accessor_id": "sor",
        "timestamp": "2023-02-08 23:54:58-0500"
    },
    {
        "id": 55520,
        "g_id": "hw03",
        "user_id": "sor",
        "team_id": null,
        "accessor_id": "sor",
        "timestamp": "2023-02-08 23:56:22-0500"
    },
    {
        "id": 55528,
        "g_id": "hw03",
        "user_id": "sor",
        "team_id": null,
        "accessor_id": "sor",
        "timestamp": "2023-02-08 23:57:31-0500"
    },
    {
        "id": 55536,
        "g_id": "hw03",
        "user_id": "sor",
        "team_id": null,
        "accessor_id": "sor",
        "timestamp": "2023-02-08 23:58:16-0500"
    },
    {
        "id": 55556,
        "g_id": "hw03",
        "user_id": "sor",
        "team_id": null,
        "accessor_id": "sor",
        "timestamp": "2023-02-08 23:59:25-0500"
    },
    {
        "id": 55674,
        "g_id": "hw03",
        "user_id": "sor",
        "team_id": null,
        "accessor_id": "sor",
        "timestamp": "2023-02-09 00:30:16-0500"
    },
    {
        "id": 55677,
        "g_id": "hw03",
        "user_id": "sor",
        "team_id": null,
        "accessor_id": "sor",
        "timestamp": "2023-02-09 00:31:09-0500"
    },
    {
        "id": 55728,
        "g_id": "hw03",
        "user_id": "sor",
        "team_id": null,
        "accessor_id": "sor",
        "timestamp": "2023-02-09 00:44:39-0500"
    },
    {
        "id": 55729,
        "g_id": "hw03",
        "user_id": "sor",
        "team_id": null,
        "accessor_id": "sor",
        "timestamp": "2023-02-09 00:44:59-0500"
    },
    {
        "id": 55734,
        "g_id": "hw03",
        "user_id": "sor",
        "team_id": null,
        "accessor_id": "sor",
        "timestamp": "2023-02-09 00:45:59-0500"
    },
    {
        "id": 55781,
        "g_id": "hw03",
        "user_id": "sor",
        "team_id": null,
        "accessor_id": "sor",
        "timestamp": "2023-02-09 01:23:18-0500"
    },
    {
        "id": 55787,
        "g_id": "hw03",
        "user_id": "sor",
        "team_id": null,
        "accessor_id": "sor",
        "timestamp": "2023-02-09 01:26:40-0500"
    },
    {
        "id": 55789,
        "g_id": "hw03",
        "user_id": "sor",
        "team_id": null,
        "accessor_id": "sor",
        "timestamp": "2023-02-09 01:29:48-0500"
    },
    {
        "id": 55792,
        "g_id": "hw03",
        "user_id": "sor",
        "team_id": null,
        "accessor_id": "sor",
        "timestamp": "2023-02-09 01:30:20-0500"
    },
    {
        "id": 55793,
        "g_id": "hw03",
        "user_id": "sor",
        "team_id": null,
        "accessor_id": "sor",
        "timestamp": "2023-02-09 01:30:35-0500"
    }
]